{
  "name": "Telegram",
  "description": "Telegram Web App.\nMore info & source code here: https://github.com/zhukov/webogram",
  "short_name": "Telegram",
  "display": "standalone",
  "theme_color": "#497495",
  "gcm_sender_id": "122867383838",
  "start_url": "./?utm_source=web_app_manifest",
  "scope": "/",
  "background_color": "#fff",
  "icons": [
    {
      "src": "img/icons/icon16.png",
      "type": "image/png",
      "sizes": "16x16"
    },
    {
      "src": "img/icons/icon32.png",
      "type": "image/png",
      "sizes": "32x32"
    },
    {
      "src": "img/icons/icon60.png",
      "type": "image/png",
      "sizes": "60x60"
    },
    {
      "src": "img/icons/icon64.png",
      "type": "image/png",
      "sizes": "64x64"
    },
    {
      "src": "img/icons/icon90.png",
      "type": "image/png",
      "sizes": "90x90"
    },
    {
      "src": "img/icons/icon128.png",
      "type": "image/png",
      "sizes": "128x128"
    },
    {
      "src": "img/icons/icon192.png",
      "type": "image/png",
      "sizes": "192x192"
    },
    {
      "src": "img/icons/icon512.png",
      "type": "image/png",
      "sizes": "512x512"
    },
    {
      "src": "img/icons/icon.svg",
      "type": "image/svg+xml",
      "sizes": "513x513"
    }
  ],
  "related_applications": [
    {
      "platform": "play",
      "id": "org.telegram.messenger",
      "url": "https://telegram.org/dl/android?ref=webmanifest"
    },
    {
      "platform": "itunes",
      "url": "https://telegram.org/dl/ios?ref=webmanifest"
    }
  ]
}
